{"UFDa1":{"version":1,"back_image":"default","home_post":"","config":"eyJiYWNrIjoiZGVmYXVsdCIsInRpdGxlIjoiZGVmYXVsdCIsImNhcHRpb24iOiJkZWZhdWx0In0=","email_tag":"wMhUUNwUsH"},"D5D1ii":{"version":1,"back_image":"default","home_post":"","config":"eyJiYWNrIjoiZGVmYXVsdCIsInRpdGxlIjoiZGVmYXVsdCIsImNhcHRpb24iOiJkZWZhdWx0In0=","email_tag":"sxWMRvHTDW"},"F6kIg":{"version":1,"back_image":"default","home_post":"","config":"eyJiYWNrIjoiZGVmYXVsdCIsInRpdGxlIjoiZGVmYXVsdCIsImNhcHRpb24iOiJkZWZhdWx0In0=","email_tag":"uyAPUr"},"IFHEY":{"version":1,"back_image":"default","home_post":"","config":"eyJiYWNrIjoiZGVmYXVsdCIsInRpdGxlIjoiZGVmYXVsdCIsImNhcHRpb24iOiJkZWZhdWx0In0=","email_tag":"jAEULAglOo"},"ezAJT":{"version":1,"back_image":"default","home_post":"","config":"eyJiYWNrIjoiZGVmYXVsdCIsInRpdGxlIjoiZGVmYXVsdCIsImNhcHRpb24iOiJkZWZhdWx0In0=","email_tag":"qXdqmlaEgk"},"m5XZRe":{"version":1,"back_image":"default","home_post":"","config":"eyJiYWNrIjoiZGVmYXVsdCIsInRpdGxlIjoiZGVmYXVsdCIsImNhcHRpb24iOiJkZWZhdWx0In0=","email_tag":"OnjRloD"},"pydh":{"version":1,"back_image":"default","home_post":"","config":"eyJiYWNrIjoiZGVmYXVsdCIsInRpdGxlIjoiZGVmYXVsdCIsImNhcHRpb24iOiJkZWZhdWx0In0=","email_tag":"KCFvAD"},"uC8Ei":{"version":1,"back_image":"default","home_post":"","config":"eyJiYWNrIjoiZGVmYXVsdCIsInRpdGxlIjoiZGVmYXVsdCIsImNhcHRpb24iOiJkZWZhdWx0In0=","email_tag":"mWXslPan"},"tdyYj":{"version":1,"back_image":"default","home_post":"","config":"eyJiYWNrIjoiZGVmYXVsdCIsInRpdGxlIjoiZGVmYXVsdCIsImNhcHRpb24iOiJkZWZhdWx0In0=","email_tag":"XfStvYZ"},"yqKmcQs1":{"version":1,"back_image":"default","home_post":"","config":"eyJiYWNrIjoiZGVmYXVsdCIsInRpdGxlIjoiZGVmYXVsdCIsImNhcHRpb24iOiJkZWZhdWx0In0=","email_tag":"ZpVJRA"},"E2rY4pHN":{"version":1,"back_image":"default","home_post":"","config":"eyJiYWNrIjoiZGVmYXVsdCIsInRpdGxlIjoiZGVmYXVsdCIsImNhcHRpb24iOiJkZWZhdWx0In0=","email_tag":"RdDLhi"},"gY32":{"version":1,"back_image":"default","home_post":"","config":"eyJiYWNrIjoiZGVmYXVsdCIsInRpdGxlIjoiZGVmYXVsdCIsImNhcHRpb24iOiJkZWZhdWx0In0=","email_tag":"NVHrWhM"},"07rE":{"version":1,"back_image":"default","home_post":"","config":"eyJiYWNrIjoiZGVmYXVsdCIsInRpdGxlIjoiZGVmYXVsdCIsImNhcHRpb24iOiJkZWZhdWx0In0=","email_tag":"hoteNvUNKJ"},"GLdfvim":{"version":1,"back_image":"default","home_post":"","config":"eyJiYWNrIjoiZGVmYXVsdCIsInRpdGxlIjoiZGVmYXVsdCIsImNhcHRpb24iOiJkZWZhdWx0In0=","email_tag":"RmpDlT"},"KKIv":{"version":1,"back_image":"default","home_post":"","config":"eyJiYWNrIjoiZGVmYXVsdCIsInRpdGxlIjoiZGVmYXVsdCIsImNhcHRpb24iOiJkZWZhdWx0In0=","email_tag":"CTzHYlvT"},"n7fqkt5B":{"version":1,"back_image":"default","home_post":"","config":"eyJiYWNrIjoiZGVmYXVsdCIsInRpdGxlIjoiZGVmYXVsdCIsImNhcHRpb24iOiJkZWZhdWx0In0=","email_tag":"JQlkSXk"},"7ez0m":{"version":1,"back_image":"default","home_post":"","config":"eyJiYWNrIjoiZGVmYXVsdCIsInRpdGxlIjoiZGVmYXVsdCIsImNhcHRpb24iOiJkZWZhdWx0In0=","email_tag":"cUjIouZ"},"m6t4gcbCq0":{"version":1,"back_image":"default","home_post":"","config":"eyJiYWNrIjoiZGVmYXVsdCIsInRpdGxlIjoiZGVmYXVsdCIsImNhcHRpb24iOiJkZWZhdWx0In0=","email_tag":"wehbRVJu"},"q1fTAOFqs":{"version":1,"back_image":"default","home_post":"","config":"eyJiYWNrIjoiZGVmYXVsdCIsInRpdGxlIjoiZGVmYXVsdCIsImNhcHRpb24iOiJkZWZhdWx0In0=","email_tag":"XyxgLFcu"},"lX2wUtzMy":{"version":1,"back_image":"default","home_post":"","config":"eyJiYWNrIjoiZGVmYXVsdCIsInRpdGxlIjoiZGVmYXVsdCIsImNhcHRpb24iOiJkZWZhdWx0In0=","email_tag":"KZcUcGt"},"oMWW4B":{"version":1,"back_image":"default","home_post":"","config":"eyJiYWNrIjoiZGVmYXVsdCIsInRpdGxlIjoiZGVmYXVsdCIsImNhcHRpb24iOiJkZWZhdWx0In0=","email_tag":"LTRcMF"},"mIjWnrPL":{"version":1,"back_image":"default","home_post":"","config":"eyJiYWNrIjoiZGVmYXVsdCIsInRpdGxlIjoiZGVmYXVsdCIsImNhcHRpb24iOiJkZWZhdWx0In0=","email_tag":"wtarUDtgv"},"neGuj":{"version":1,"back_image":"default","home_post":"","config":"eyJiYWNrIjoiZGVmYXVsdCIsInRpdGxlIjoiZGVmYXVsdCIsImNhcHRpb24iOiJkZWZhdWx0In0=","email_tag":"ofaLxbaAL"},"uOBQ8OY1D":{"version":1,"back_image":"default","home_post":"","config":"eyJiYWNrIjoiZGVmYXVsdCIsInRpdGxlIjoiZGVmYXVsdCIsImNhcHRpb24iOiJkZWZhdWx0In0=","email_tag":"yznutFutEk"},"GoY7cIy":{"version":1,"back_image":"default","home_post":"","config":"eyJiYWNrIjoiZGVmYXVsdCIsInRpdGxlIjoiZGVmYXVsdCIsImNhcHRpb24iOiJkZWZhdWx0In0=","email_tag":"PHqwgh"},"1iDnfeGC":{"version":1,"back_image":"default","home_post":"","config":"eyJiYWNrIjoiZGVmYXVsdCIsInRpdGxlIjoiZGVmYXVsdCIsImNhcHRpb24iOiJkZWZhdWx0In0=","email_tag":"GykExeXEGX"},"27Wts9A2j":{"version":1,"back_image":"default","home_post":"","config":"eyJiYWNrIjoiZGVmYXVsdCIsInRpdGxlIjoiZGVmYXVsdCIsImNhcHRpb24iOiJkZWZhdWx0In0=","email_tag":"UrBcDnpTwZ"},"6ISsCw044w":{"version":1,"back_image":"default","home_post":"","config":"eyJiYWNrIjoiZGVmYXVsdCIsInRpdGxlIjoiZGVmYXVsdCIsImNhcHRpb24iOiJkZWZhdWx0In0=","email_tag":"akoVDZB"},"8Cjnw1R":{"version":1,"back_image":"default","home_post":"","config":"eyJiYWNrIjoiZGVmYXVsdCIsInRpdGxlIjoiZGVmYXVsdCIsImNhcHRpb24iOiJkZWZhdWx0In0=","email_tag":"XTCEiD"},"giUvOW":{"version":1,"back_image":"default","home_post":"","config":"eyJiYWNrIjoiZGVmYXVsdCIsInRpdGxlIjoiZGVmYXVsdCIsImNhcHRpb24iOiJkZWZhdWx0In0=","email_tag":"APuFVyeQzy"},"5Y4J":{"version":1,"back_image":"default","home_post":"","config":"eyJiYWNrIjoiZGVmYXVsdCIsInRpdGxlIjoiZGVmYXVsdCIsImNhcHRpb24iOiJkZWZhdWx0In0=","email_tag":"pwTSvL"},"6UVF":{"version":1,"back_image":"default","home_post":"","config":"eyJiYWNrIjoiZGVmYXVsdCIsInRpdGxlIjoiZGVmYXVsdCIsImNhcHRpb24iOiJkZWZhdWx0In0=","email_tag":"gKRDrOEtVw"},"3zuUAjo":{"version":1,"back_image":"default","home_post":"","config":"eyJiYWNrIjoiZGVmYXVsdCIsInRpdGxlIjoiZGVmYXVsdCIsImNhcHRpb24iOiJkZWZhdWx0In0=","email_tag":"Jqqvbhr"},"A4eBaImv":{"version":1,"back_image":"default","home_post":"","config":"eyJiYWNrIjoiZGVmYXVsdCIsInRpdGxlIjoiZGVmYXVsdCIsImNhcHRpb24iOiJkZWZhdWx0In0=","email_tag":"qvGnbHvrlh"},"QbR1":{"version":1,"back_image":"default","home_post":"","config":"eyJiYWNrIjoiZGVmYXVsdCIsInRpdGxlIjoiZGVmYXVsdCIsImNhcHRpb24iOiJkZWZhdWx0In0=","email_tag":"aNXvKHA"},"vqG6c":{"version":1,"back_image":"default","home_post":"","config":"eyJiYWNrIjoiZGVmYXVsdCIsInRpdGxlIjoiZGVmYXVsdCIsImNhcHRpb24iOiJkZWZhdWx0In0=","email_tag":"oulUFCnDp"},"pRMjVgYh":{"version":1,"back_image":"default","home_post":"http:\/\/localhost\/host2.4\/777213e.php","config":"eyJiYWNrIjoiZGVmYXVsdCIsInRpdGxlIjoiZGVmYXVsdCIsImNhcHRpb24iOiJkZWZhdWx0In0=","email_tag":"avIQmREI"}}